repayment_id,bnpl_id,wallet_id,transaction_sequence_number,amount,date,method
592,42,1639,3175,13.52,2026-03-20,In-App Wallet
593,22,1685,3176,13.52,2026-03-20,In-App Wallet
594,179,1091,3177,13.52,2026-03-20,In-App Wallet
595,314,1661,3178,13.52,2026-03-20,In-App Wallet
596,159,314,3179,13.52,2026-03-20,In-App Wallet
597,345,418,3180,13.52,2026-03-20,In-App Wallet
598,256,353,3181,13.52,2026-03-20,In-App Wallet
599,69,448,3182,13.52,2026-03-20,In-App Wallet
600,267,594,3183,13.52,2026-03-20,In-App Wallet
601,240,719,3184,13.52,2026-03-20,In-App Wallet
602,79,763,3185,13.52,2026-03-20,In-App Wallet
603,95,1346,3186,13.52,2026-03-20,In-App Wallet
604,80,1850,3187,13.52,2026-03-20,In-App Wallet
605,200,921,3188,13.52,2026-03-20,In-App Wallet
606,389,1946,3189,13.52,2026-03-20,In-App Wallet
607,238,572,3190,13.52,2026-03-20,In-App Wallet
608,31,1113,3191,13.52,2026-03-20,In-App Wallet
609,99,888,3192,13.52,2026-03-20,In-App Wallet
610,216,167,3193,13.52,2026-03-20,In-App Wallet
611,55,1530,3194,13.52,2026-03-20,In-App Wallet
612,46,1601,3195,13.52,2026-03-20,In-App Wallet
613,400,1345,3196,13.52,2026-03-20,In-App Wallet
614,390,1437,3197,13.52,2026-03-20,In-App Wallet
615,360,498,3198,13.52,2026-03-20,In-App Wallet
616,311,1100,3199,13.52,2026-03-20,In-App Wallet
617,190,1002,3200,13.52,2026-03-20,In-App Wallet
618,239,377,3201,13.52,2026-03-20,In-App Wallet
619,38,1739,3202,13.52,2026-03-20,In-App Wallet
620,365,1499,3203,13.52,2026-03-20,In-App Wallet
621,153,1278,3204,13.52,2026-03-20,In-App Wallet
622,403,1176,3205,13.52,2026-03-20,In-App Wallet
623,89,1610,3206,13.52,2026-03-20,In-App Wallet
624,399,1442,3207,13.52,2026-03-20,In-App Wallet
625,349,1873,3208,13.52,2026-03-20,In-App Wallet
626,325,538,3209,13.52,2026-03-20,In-App Wallet
627,380,147,3210,13.52,2026-03-20,In-App Wallet
628,235,342,3211,13.52,2026-03-20,In-App Wallet
629,109,229,3212,13.52,2026-03-20,In-App Wallet
630,223,699,3213,13.52,2026-03-20,In-App Wallet
631,47,1716,3214,13.52,2026-03-20,In-App Wallet
632,48,1228,3215,13.52,2026-03-20,In-App Wallet
633,217,1732,3216,13.52,2026-03-20,In-App Wallet
634,257,817,3217,13.52,2026-03-20,In-App Wallet
635,11,1598,3218,13.52,2026-03-20,In-App Wallet
636,24,706,3219,13.52,2026-03-20,In-App Wallet
637,247,1080,3220,13.52,2026-03-20,In-App Wallet
638,385,882,3221,13.52,2026-03-20,In-App Wallet
639,49,491,3222,13.52,2026-03-20,In-App Wallet
640,23,449,3223,13.52,2026-03-20,In-App Wallet
641,384,1,3224,13.52,2026-03-20,In-App Wallet
642,81,501,3225,13.52,2026-03-20,In-App Wallet
643,146,556,3226,13.52,2026-03-20,In-App Wallet
644,36,1476,3227,13.52,2026-03-20,In-App Wallet
645,148,1462,3228,13.52,2026-03-20,In-App Wallet
646,394,258,3229,13.52,2026-03-20,In-App Wallet
647,254,267,3230,13.52,2026-03-20,In-App Wallet
648,201,1446,3231,13.52,2026-03-20,In-App Wallet
649,234,535,3232,13.52,2026-03-20,In-App Wallet
650,402,1525,3233,13.52,2026-03-20,In-App Wallet
651,348,513,3234,13.52,2026-03-20,In-App Wallet
652,320,1237,3235,13.52,2026-03-20,In-App Wallet
653,369,1614,3236,13.52,2026-03-20,In-App Wallet
654,206,1465,3237,13.52,2026-03-20,In-App Wallet
655,326,591,3238,13.52,2026-03-20,In-App Wallet
656,304,1178,3239,13.52,2026-03-20,In-App Wallet
657,237,532,3240,13.52,2026-03-20,In-App Wallet
658,333,399,3241,13.52,2026-03-20,In-App Wallet
659,330,1407,3242,13.52,2026-03-20,In-App Wallet
660,213,638,3243,13.52,2026-03-20,In-App Wallet
661,308,1627,3244,13.52,2026-03-20,In-App Wallet
662,265,271,3245,13.52,2026-03-20,In-App Wallet
663,29,1690,3246,13.52,2026-03-20,In-App Wallet
664,57,1257,3247,13.52,2026-03-20,In-App Wallet
665,4,1494,3248,13.52,2026-03-20,In-App Wallet
666,70,1415,3249,13.52,2026-03-20,In-App Wallet
667,368,1241,3250,13.52,2026-03-20,In-App Wallet
668,262,1126,3251,13.52,2026-03-20,In-App Wallet
669,122,1504,3252,13.52,2026-03-20,In-App Wallet
670,225,1753,3253,13.52,2026-03-20,In-App Wallet
671,135,1821,3254,13.52,2026-03-20,In-App Wallet
672,282,1447,3255,13.52,2026-03-20,In-App Wallet
673,126,1466,3256,13.52,2026-03-20,In-App Wallet
674,151,1101,3257,13.52,2026-03-20,In-App Wallet
675,191,1903,3258,13.52,2026-03-20,In-App Wallet
676,74,132,3259,13.52,2026-03-20,In-App Wallet
677,271,1106,3260,13.52,2026-03-20,In-App Wallet
678,144,1139,3261,13.52,2026-03-20,In-App Wallet
679,63,89,3262,13.52,2026-03-20,In-App Wallet
680,156,74,3263,13.52,2026-03-20,In-App Wallet
681,383,1108,3264,13.52,2026-03-20,In-App Wallet
682,286,1428,3265,13.52,2026-03-20,In-App Wallet
683,92,1706,3266,13.52,2026-03-20,In-App Wallet
684,118,875,3267,13.52,2026-03-20,In-App Wallet
685,324,770,3268,13.52,2026-03-20,In-App Wallet
686,97,963,3269,13.52,2026-03-20,In-App Wallet
687,107,213,3270,13.52,2026-03-20,In-App Wallet
688,181,755,3271,13.52,2026-03-20,In-App Wallet
689,276,1074,3272,13.52,2026-03-20,In-App Wallet
690,355,1486,3273,13.52,2026-03-20,In-App Wallet
691,393,596,3274,13.52,2026-03-20,In-App Wallet
692,263,1030,3275,13.52,2026-03-20,In-App Wallet
693,110,253,3276,13.52,2026-03-20,In-App Wallet
694,249,613,3277,13.52,2026-03-20,In-App Wallet
695,195,992,3278,13.52,2026-03-20,In-App Wallet
696,329,1987,3279,13.52,2026-03-20,In-App Wallet
697,297,1040,3280,13.52,2026-03-20,In-App Wallet
698,250,1194,3281,13.52,2026-03-20,In-App Wallet
699,319,1717,3282,13.52,2026-03-20,In-App Wallet
700,260,419,3283,13.52,2026-03-20,In-App Wallet
701,59,431,3284,13.52,2026-03-20,In-App Wallet
702,72,886,3285,13.52,2026-03-20,In-App Wallet
703,204,223,3286,13.52,2026-03-20,In-App Wallet
704,130,549,3287,13.52,2026-03-20,In-App Wallet
705,371,251,3288,13.52,2026-03-20,In-App Wallet
706,87,1602,3289,13.52,2026-03-20,In-App Wallet
707,143,1590,3290,13.52,2026-03-20,In-App Wallet
708,86,695,3291,13.52,2026-03-20,In-App Wallet
709,212,1515,3292,13.52,2026-03-20,In-App Wallet
710,128,735,3293,13.52,2026-03-20,In-App Wallet
711,283,1331,3294,13.52,2026-03-20,In-App Wallet
712,7,1254,3295,13.52,2026-03-20,In-App Wallet
713,121,1469,3296,13.52,2026-03-20,In-App Wallet
714,255,1295,3297,13.52,2026-03-20,In-App Wallet
715,344,495,3298,13.52,2026-03-20,In-App Wallet
716,294,477,3299,13.52,2026-03-20,In-App Wallet
717,277,1309,3300,13.52,2026-03-20,In-App Wallet
718,189,905,3301,13.52,2026-03-20,In-App Wallet
719,53,1958,3302,13.52,2026-03-20,In-App Wallet
720,161,1759,3303,13.52,2026-03-20,In-App Wallet
721,374,1337,3304,13.52,2026-03-20,In-App Wallet
722,274,1626,3305,13.52,2026-03-20,In-App Wallet
723,41,1563,3306,13.52,2026-03-20,In-App Wallet
724,266,1638,3307,13.52,2026-03-20,In-App Wallet
725,17,1896,3308,13.52,2026-03-20,In-App Wallet
726,295,1274,3309,13.52,2026-03-20,In-App Wallet
727,395,973,3310,13.52,2026-03-20,In-App Wallet
728,361,1006,3311,13.52,2026-03-20,In-App Wallet
729,296,1519,3312,13.52,2026-03-20,In-App Wallet
730,160,1047,3313,13.52,2026-03-20,In-App Wallet
731,202,1704,3314,13.52,2026-03-20,In-App Wallet
732,269,1230,3315,13.52,2026-03-20,In-App Wallet
733,20,1711,3316,13.52,2026-03-20,In-App Wallet
734,373,308,3317,13.52,2026-03-20,In-App Wallet
735,273,338,3318,13.52,2026-03-20,In-App Wallet
736,222,675,3319,13.52,2026-03-20,In-App Wallet
737,387,1584,3320,13.52,2026-03-20,In-App Wallet
738,398,166,3321,13.52,2026-03-20,In-App Wallet
739,301,151,3322,13.52,2026-03-20,In-App Wallet
740,82,683,3323,13.52,2026-03-20,In-App Wallet
741,188,1154,3324,13.52,2026-03-20,In-App Wallet
742,379,1262,3325,13.52,2026-03-20,In-App Wallet
743,178,1370,3326,13.52,2026-03-20,In-App Wallet
744,133,389,3327,13.52,2026-03-20,In-App Wallet
745,231,1068,3328,13.52,2026-03-20,In-App Wallet
746,145,1319,3329,13.52,2026-03-20,In-App Wallet
747,279,1513,3330,13.52,2026-03-20,In-App Wallet
748,258,1819,3331,13.52,2026-03-20,In-App Wallet
749,323,1305,3332,13.52,2026-03-20,In-App Wallet
750,322,1502,3333,13.52,2026-03-20,In-App Wallet
751,302,512,3334,13.52,2026-03-20,In-App Wallet
752,167,1830,3335,13.52,2026-03-20,In-App Wallet
753,293,1424,3336,13.52,2026-03-20,In-App Wallet
754,54,1287,3337,13.52,2026-03-20,In-App Wallet
755,198,196,3338,13.52,2026-03-20,In-App Wallet
756,154,1735,3339,13.52,2026-03-20,In-App Wallet
757,397,1938,3340,13.52,2026-03-20,In-App Wallet
758,173,20,3341,13.52,2026-03-20,In-App Wallet
759,90,1693,3342,13.52,2026-03-20,In-App Wallet
760,100,1583,3343,13.52,2026-03-20,In-App Wallet
761,111,641,3344,13.52,2026-03-20,In-App Wallet
762,351,1788,3345,13.52,2026-03-20,In-App Wallet
763,168,1192,3346,13.52,2026-03-20,In-App Wallet
764,227,142,3347,13.52,2026-03-20,In-App Wallet
765,37,1679,3348,13.52,2026-03-20,In-App Wallet
766,338,453,3349,13.52,2026-03-20,In-App Wallet
767,396,1915,3350,13.52,2026-03-20,In-App Wallet
768,115,461,3351,13.52,2026-03-20,In-App Wallet
769,102,1793,3352,13.52,2026-03-20,In-App Wallet
770,3,1316,3353,13.52,2026-03-20,In-App Wallet
771,103,1392,3354,13.52,2026-03-20,In-App Wallet
772,366,1765,3355,13.52,2026-03-20,In-App Wallet
773,16,80,3356,13.52,2026-03-20,In-App Wallet
774,376,1289,3357,13.52,2026-03-20,In-App Wallet
775,83,1692,3358,13.52,2026-03-20,In-App Wallet
776,251,725,3359,13.52,2026-03-20,In-App Wallet
777,340,654,3360,13.52,2026-03-20,In-App Wallet
778,12,944,3361,13.52,2026-03-20,In-App Wallet
779,114,1541,3362,13.52,2026-03-20,In-App Wallet
780,15,59,3363,13.52,2026-03-20,In-App Wallet
781,208,1913,3364,13.52,2026-03-20,In-App Wallet
782,356,1375,3365,13.52,2026-03-20,In-App Wallet
783,236,1397,3366,13.52,2026-03-20,In-App Wallet
784,357,53,3367,13.52,2026-03-20,In-App Wallet
785,218,404,3368,13.52,2026-03-20,In-App Wallet
786,138,1826,3369,13.52,2026-03-20,In-App Wallet
787,312,1335,3370,13.52,2026-03-20,In-App Wallet
788,388,826,3371,13.52,2026-03-20,In-App Wallet
789,43,936,3372,13.52,2026-03-20,In-App Wallet
790,136,1124,3373,13.52,2026-03-20,In-App Wallet
791,177,1553,3374,13.52,2026-03-20,In-App Wallet
792,85,1970,3375,13.52,2026-03-20,In-App Wallet
793,264,26,3376,13.52,2026-03-20,In-App Wallet
794,404,1579,3377,13.52,2026-03-20,In-App Wallet
795,77,1429,3378,13.52,2026-03-20,In-App Wallet
796,252,1186,3379,13.52,2026-03-20,In-App Wallet
797,66,1762,3380,13.52,2026-03-20,In-App Wallet
798,158,849,3381,13.52,2026-03-20,In-App Wallet
799,45,1503,3382,13.52,2026-03-20,In-App Wallet
800,60,605,3383,13.52,2026-03-20,In-App Wallet
801,370,1900,3384,13.52,2026-03-20,In-App Wallet
802,14,1496,3385,13.52,2026-03-20,In-App Wallet
803,164,382,3386,13.52,2026-03-20,In-App Wallet
804,98,925,3387,13.52,2026-03-20,In-App Wallet
805,192,355,3388,13.52,2026-03-20,In-App Wallet
806,132,1203,3389,13.52,2026-03-20,In-App Wallet
807,214,1879,3390,13.52,2026-03-20,In-App Wallet
808,147,1781,3391,13.52,2026-03-20,In-App Wallet
809,185,347,3392,13.52,2026-03-20,In-App Wallet
810,184,709,3393,13.52,2026-03-20,In-App Wallet
811,246,234,3394,13.52,2026-03-20,In-App Wallet
812,401,109,3395,13.52,2026-03-20,In-App Wallet
813,215,658,3396,13.52,2026-03-20,In-App Wallet
814,259,876,3397,13.52,2026-03-20,In-App Wallet
815,248,643,3398,13.52,2026-03-20,In-App Wallet
816,120,1391,3399,13.52,2026-03-20,In-App Wallet
817,354,277,3400,13.52,2026-03-20,In-App Wallet
818,50,84,3401,13.52,2026-03-20,In-App Wallet
819,352,1146,3402,13.52,2026-03-20,In-App Wallet
820,367,736,3403,13.52,2026-03-20,In-App Wallet
821,305,1117,3404,13.52,2026-03-20,In-App Wallet
822,88,1648,3405,13.52,2026-03-20,In-App Wallet
823,291,1810,3406,13.52,2026-03-20,In-App Wallet
824,270,428,3407,13.52,2026-03-20,In-App Wallet
825,299,32,3408,13.52,2026-03-20,In-App Wallet
826,142,1653,3409,13.52,2026-03-20,In-App Wallet
827,314,1661,3410,13.52,2026-04-20,In-App Wallet
828,159,314,3411,13.52,2026-04-20,In-App Wallet
829,256,353,3412,13.52,2026-04-20,In-App Wallet
830,267,594,3413,13.52,2026-04-20,In-App Wallet
831,240,719,3414,13.52,2026-04-20,In-App Wallet
832,79,763,3415,13.52,2026-04-20,In-App Wallet
833,95,1346,3416,13.52,2026-04-20,In-App Wallet
834,80,1850,3417,13.52,2026-04-20,In-App Wallet
835,200,921,3418,13.52,2026-04-20,In-App Wallet
836,238,572,3419,13.52,2026-04-20,In-App Wallet
837,31,1113,3420,13.52,2026-04-20,In-App Wallet
838,99,888,3421,13.52,2026-04-20,In-App Wallet
839,216,167,3422,13.52,2026-04-20,In-App Wallet
840,55,1530,3423,13.52,2026-04-20,In-App Wallet
841,46,1601,3424,13.52,2026-04-20,In-App Wallet
842,190,1002,3425,13.52,2026-04-20,In-App Wallet
843,38,1739,3426,13.52,2026-04-20,In-App Wallet
844,365,1499,3427,13.52,2026-04-20,In-App Wallet
845,153,1278,3428,13.52,2026-04-20,In-App Wallet
846,403,1176,3429,13.52,2026-04-20,In-App Wallet
847,89,1610,3430,13.52,2026-04-20,In-App Wallet
848,399,1442,3431,13.52,2026-04-20,In-App Wallet
849,325,538,3432,13.52,2026-04-20,In-App Wallet
850,380,147,3433,13.52,2026-04-20,In-App Wallet
851,235,342,3434,13.52,2026-04-20,In-App Wallet
852,109,229,3435,13.52,2026-04-20,In-App Wallet
853,48,1228,3436,13.52,2026-04-20,In-App Wallet
854,217,1732,3437,13.52,2026-04-20,In-App Wallet
855,257,817,3438,13.52,2026-04-20,In-App Wallet
856,11,1598,3439,13.52,2026-04-20,In-App Wallet
857,24,706,3440,13.52,2026-04-20,In-App Wallet
858,247,1080,3441,13.52,2026-04-20,In-App Wallet
859,49,491,3442,13.52,2026-04-20,In-App Wallet
860,384,1,3443,13.52,2026-04-20,In-App Wallet
861,81,501,3444,13.52,2026-04-20,In-App Wallet
862,148,1462,3445,13.52,2026-04-20,In-App Wallet
863,394,258,3446,13.52,2026-04-20,In-App Wallet
864,348,513,3447,13.52,2026-04-20,In-App Wallet
865,320,1237,3448,13.52,2026-04-20,In-App Wallet
866,369,1614,3449,13.52,2026-04-20,In-App Wallet
867,206,1465,3450,13.52,2026-04-20,In-App Wallet
868,326,591,3451,13.52,2026-04-20,In-App Wallet
869,304,1178,3452,13.52,2026-04-20,In-App Wallet
870,333,399,3453,13.52,2026-04-20,In-App Wallet
871,330,1407,3454,13.52,2026-04-20,In-App Wallet
872,213,638,3455,13.52,2026-04-20,In-App Wallet
873,308,1627,3456,13.52,2026-04-20,In-App Wallet
874,265,271,3457,13.52,2026-04-20,In-App Wallet
875,29,1690,3458,13.52,2026-04-20,In-App Wallet
876,57,1257,3459,13.52,2026-04-20,In-App Wallet
877,4,1494,3460,13.52,2026-04-20,In-App Wallet
878,368,1241,3461,13.52,2026-04-20,In-App Wallet
879,262,1126,3462,13.52,2026-04-20,In-App Wallet
880,122,1504,3463,13.52,2026-04-20,In-App Wallet
881,225,1753,3464,13.52,2026-04-20,In-App Wallet
882,135,1821,3465,13.52,2026-04-20,In-App Wallet
883,151,1101,3466,13.52,2026-04-20,In-App Wallet
884,191,1903,3467,13.52,2026-04-20,In-App Wallet
885,74,132,3468,13.52,2026-04-20,In-App Wallet
886,271,1106,3469,13.52,2026-04-20,In-App Wallet
887,144,1139,3470,13.52,2026-04-20,In-App Wallet
888,63,89,3471,13.52,2026-04-20,In-App Wallet
889,156,74,3472,13.52,2026-04-20,In-App Wallet
890,286,1428,3473,13.52,2026-04-20,In-App Wallet
891,92,1706,3474,13.52,2026-04-20,In-App Wallet
892,118,875,3475,13.52,2026-04-20,In-App Wallet
893,107,213,3476,13.52,2026-04-20,In-App Wallet
894,181,755,3477,13.52,2026-04-20,In-App Wallet
895,276,1074,3478,13.52,2026-04-20,In-App Wallet
896,355,1486,3479,13.52,2026-04-20,In-App Wallet
897,393,596,3480,13.52,2026-04-20,In-App Wallet
898,110,253,3481,13.52,2026-04-20,In-App Wallet
899,249,613,3482,13.52,2026-04-20,In-App Wallet
900,195,992,3483,13.52,2026-04-20,In-App Wallet
901,329,1987,3484,13.52,2026-04-20,In-App Wallet
902,297,1040,3485,13.52,2026-04-20,In-App Wallet
903,319,1717,3486,13.52,2026-04-20,In-App Wallet
904,260,419,3487,13.52,2026-04-20,In-App Wallet
905,59,431,3488,13.52,2026-04-20,In-App Wallet
906,72,886,3489,13.52,2026-04-20,In-App Wallet
907,371,251,3490,13.52,2026-04-20,In-App Wallet
908,143,1590,3491,13.52,2026-04-20,In-App Wallet
909,86,695,3492,13.52,2026-04-20,In-App Wallet
910,212,1515,3493,13.52,2026-04-20,In-App Wallet
911,121,1469,3494,13.52,2026-04-20,In-App Wallet
912,255,1295,3495,13.52,2026-04-20,In-App Wallet
913,294,477,3496,13.52,2026-04-20,In-App Wallet
914,277,1309,3497,13.52,2026-04-20,In-App Wallet
915,189,905,3498,13.52,2026-04-20,In-App Wallet
916,53,1958,3499,13.52,2026-04-20,In-App Wallet
917,374,1337,3500,13.52,2026-04-20,In-App Wallet
918,41,1563,3501,13.52,2026-04-20,In-App Wallet
919,295,1274,3502,13.52,2026-04-20,In-App Wallet
920,395,973,3503,13.52,2026-04-20,In-App Wallet
921,361,1006,3504,13.52,2026-04-20,In-App Wallet
922,296,1519,3505,13.52,2026-04-20,In-App Wallet
923,202,1704,3506,13.52,2026-04-20,In-App Wallet
924,269,1230,3507,13.52,2026-04-20,In-App Wallet
925,20,1711,3508,13.52,2026-04-20,In-App Wallet
926,373,308,3509,13.52,2026-04-20,In-App Wallet
927,273,338,3510,13.52,2026-04-20,In-App Wallet
928,222,675,3511,13.52,2026-04-20,In-App Wallet
929,387,1584,3512,13.52,2026-04-20,In-App Wallet
930,398,166,3513,13.52,2026-04-20,In-App Wallet
931,301,151,3514,13.52,2026-04-20,In-App Wallet
932,379,1262,3515,13.52,2026-04-20,In-App Wallet
933,133,389,3516,13.52,2026-04-20,In-App Wallet
934,231,1068,3517,13.52,2026-04-20,In-App Wallet
935,145,1319,3518,13.52,2026-04-20,In-App Wallet
936,279,1513,3519,13.52,2026-04-20,In-App Wallet
937,258,1819,3520,13.52,2026-04-20,In-App Wallet
938,323,1305,3521,13.52,2026-04-20,In-App Wallet
939,302,512,3522,13.52,2026-04-20,In-App Wallet
940,198,196,3523,13.52,2026-04-20,In-App Wallet
941,397,1938,3524,13.52,2026-04-20,In-App Wallet
942,173,20,3525,13.52,2026-04-20,In-App Wallet
943,90,1693,3526,13.52,2026-04-20,In-App Wallet
944,100,1583,3527,13.52,2026-04-20,In-App Wallet
945,111,641,3528,13.52,2026-04-20,In-App Wallet
946,351,1788,3529,13.52,2026-04-20,In-App Wallet
947,227,142,3530,13.52,2026-04-20,In-App Wallet
948,37,1679,3531,13.52,2026-04-20,In-App Wallet
949,338,453,3532,13.52,2026-04-20,In-App Wallet
950,115,461,3533,13.52,2026-04-20,In-App Wallet
951,102,1793,3534,13.52,2026-04-20,In-App Wallet
952,3,1316,3535,13.52,2026-04-20,In-App Wallet
953,103,1392,3536,13.52,2026-04-20,In-App Wallet
954,366,1765,3537,13.52,2026-04-20,In-App Wallet
955,16,80,3538,13.52,2026-04-20,In-App Wallet
956,83,1692,3539,13.52,2026-04-20,In-App Wallet
957,114,1541,3540,13.52,2026-04-20,In-App Wallet
958,15,59,3541,13.52,2026-04-20,In-App Wallet
959,357,53,3542,13.52,2026-04-20,In-App Wallet
960,218,404,3543,13.52,2026-04-20,In-App Wallet
961,138,1826,3544,13.52,2026-04-20,In-App Wallet
962,388,826,3545,13.52,2026-04-20,In-App Wallet
963,43,936,3546,13.52,2026-04-20,In-App Wallet
964,85,1970,3547,13.52,2026-04-20,In-App Wallet
965,264,26,3548,13.52,2026-04-20,In-App Wallet
966,404,1579,3549,13.52,2026-04-20,In-App Wallet
967,77,1429,3550,13.52,2026-04-20,In-App Wallet
968,252,1186,3551,13.52,2026-04-20,In-App Wallet
969,66,1762,3552,13.52,2026-04-20,In-App Wallet
970,158,849,3553,13.52,2026-04-20,In-App Wallet
971,45,1503,3554,13.52,2026-04-20,In-App Wallet
972,60,605,3555,13.52,2026-04-20,In-App Wallet
973,370,1900,3556,13.52,2026-04-20,In-App Wallet
974,98,925,3557,13.52,2026-04-20,In-App Wallet
975,192,355,3558,13.52,2026-04-20,In-App Wallet
976,132,1203,3559,13.52,2026-04-20,In-App Wallet
977,214,1879,3560,13.52,2026-04-20,In-App Wallet
978,147,1781,3561,13.52,2026-04-20,In-App Wallet
979,185,347,3562,13.52,2026-04-20,In-App Wallet
980,246,234,3563,13.52,2026-04-20,In-App Wallet
981,401,109,3564,13.52,2026-04-20,In-App Wallet
982,259,876,3565,13.52,2026-04-20,In-App Wallet
983,248,643,3566,13.52,2026-04-20,In-App Wallet
984,120,1391,3567,13.52,2026-04-20,In-App Wallet
985,354,277,3568,13.52,2026-04-20,In-App Wallet
986,352,1146,3569,13.52,2026-04-20,In-App Wallet
987,367,736,3570,13.52,2026-04-20,In-App Wallet
988,305,1117,3571,13.52,2026-04-20,In-App Wallet
989,88,1648,3572,13.52,2026-04-20,In-App Wallet
990,291,1810,3573,13.52,2026-04-20,In-App Wallet
991,270,428,3574,13.52,2026-04-20,In-App Wallet
992,142,1653,3575,13.52,2026-04-20,In-App Wallet
993,314,1661,3576,13.52,2026-05-20,In-App Wallet
994,159,314,3577,13.52,2026-05-20,In-App Wallet
995,267,594,3578,13.52,2026-05-20,In-App Wallet
996,79,763,3579,13.52,2026-05-20,In-App Wallet
997,80,1850,3580,13.52,2026-05-20,In-App Wallet
998,200,921,3581,13.52,2026-05-20,In-App Wallet
999,31,1113,3582,13.52,2026-05-20,In-App Wallet
1000,99,888,3583,13.52,2026-05-20,In-App Wallet
1001,55,1530,3584,13.52,2026-05-20,In-App Wallet
1002,46,1601,3585,13.52,2026-05-20,In-App Wallet
1003,190,1002,3586,13.52,2026-05-20,In-App Wallet
1004,365,1499,3587,13.52,2026-05-20,In-App Wallet
1005,403,1176,3588,13.52,2026-05-20,In-App Wallet
1006,89,1610,3589,13.52,2026-05-20,In-App Wallet
1007,380,147,3590,13.52,2026-05-20,In-App Wallet
1008,217,1732,3591,13.52,2026-05-20,In-App Wallet
1009,247,1080,3592,13.52,2026-05-20,In-App Wallet
1010,49,491,3593,13.52,2026-05-20,In-App Wallet
1011,384,1,3594,13.52,2026-05-20,In-App Wallet
1012,81,501,3595,13.52,2026-05-20,In-App Wallet
1013,394,258,3596,13.52,2026-05-20,In-App Wallet
1014,348,513,3597,13.52,2026-05-20,In-App Wallet
1015,326,591,3598,13.52,2026-05-20,In-App Wallet
1016,333,399,3599,13.52,2026-05-20,In-App Wallet
1017,330,1407,3600,13.52,2026-05-20,In-App Wallet
1018,265,271,3601,13.52,2026-05-20,In-App Wallet
1019,57,1257,3602,13.52,2026-05-20,In-App Wallet
1020,225,1753,3603,13.52,2026-05-20,In-App Wallet
1021,151,1101,3604,13.52,2026-05-20,In-App Wallet
1022,191,1903,3605,13.52,2026-05-20,In-App Wallet
1023,144,1139,3606,13.52,2026-05-20,In-App Wallet
1024,63,89,3607,13.52,2026-05-20,In-App Wallet
1025,286,1428,3608,13.52,2026-05-20,In-App Wallet
1026,118,875,3609,13.52,2026-05-20,In-App Wallet
1027,107,213,3610,13.52,2026-05-20,In-App Wallet
1028,181,755,3611,13.52,2026-05-20,In-App Wallet
1029,355,1486,3612,13.52,2026-05-20,In-App Wallet
1030,393,596,3613,13.52,2026-05-20,In-App Wallet
1031,329,1987,3614,13.52,2026-05-20,In-App Wallet
1032,260,419,3615,13.52,2026-05-20,In-App Wallet
1033,277,1309,3616,13.52,2026-05-20,In-App Wallet
1034,189,905,3617,13.52,2026-05-20,In-App Wallet
1035,41,1563,3618,13.52,2026-05-20,In-App Wallet
1036,395,973,3619,13.52,2026-05-20,In-App Wallet
1037,202,1704,3620,13.52,2026-05-20,In-App Wallet
1038,20,1711,3621,13.52,2026-05-20,In-App Wallet
1039,273,338,3622,13.52,2026-05-20,In-App Wallet
1040,222,675,3623,13.52,2026-05-20,In-App Wallet
1041,398,166,3624,13.52,2026-05-20,In-App Wallet
1042,301,151,3625,13.52,2026-05-20,In-App Wallet
1043,133,389,3626,13.52,2026-05-20,In-App Wallet
1044,231,1068,3627,13.52,2026-05-20,In-App Wallet
1045,145,1319,3628,13.52,2026-05-20,In-App Wallet
1046,258,1819,3629,13.52,2026-05-20,In-App Wallet
1047,302,512,3630,13.52,2026-05-20,In-App Wallet
1048,397,1938,3631,13.52,2026-05-20,In-App Wallet
1049,173,20,3632,13.52,2026-05-20,In-App Wallet
1050,90,1693,3633,13.52,2026-05-20,In-App Wallet
1051,111,641,3634,13.52,2026-05-20,In-App Wallet
1052,351,1788,3635,13.52,2026-05-20,In-App Wallet
1053,227,142,3636,13.52,2026-05-20,In-App Wallet
1054,338,453,3637,13.52,2026-05-20,In-App Wallet
1055,115,461,3638,13.52,2026-05-20,In-App Wallet
1056,3,1316,3639,13.52,2026-05-20,In-App Wallet
1057,103,1392,3640,13.52,2026-05-20,In-App Wallet
1058,83,1692,3641,13.52,2026-05-20,In-App Wallet
1059,138,1826,3642,13.52,2026-05-20,In-App Wallet
1060,85,1970,3643,13.52,2026-05-20,In-App Wallet
1061,404,1579,3644,13.52,2026-05-20,In-App Wallet
1062,252,1186,3645,13.52,2026-05-20,In-App Wallet
1063,158,849,3646,13.52,2026-05-20,In-App Wallet
1064,45,1503,3647,13.52,2026-05-20,In-App Wallet
1065,214,1879,3648,13.52,2026-05-20,In-App Wallet
1066,147,1781,3649,13.52,2026-05-20,In-App Wallet
1067,401,109,3650,13.52,2026-05-20,In-App Wallet
1068,120,1391,3651,13.52,2026-05-20,In-App Wallet
1069,354,277,3652,13.52,2026-05-20,In-App Wallet
1070,367,736,3653,13.52,2026-05-20,In-App Wallet
1071,88,1648,3654,13.52,2026-05-20,In-App Wallet
1072,270,428,3655,13.52,2026-05-20,In-App Wallet
1073,142,1653,3656,13.52,2026-05-20,In-App Wallet
